tweet_id,user_name,text,time,event_id,user_mentions,hashtags,urls,words,created_at,filtered_words,entities,sampled_words
1018722125941755905,@pcrehange,#Rennes - La sortie de prison de Djamel Beghal [VidÃ©o exclusive] via @letelegramme https://t.co/tbOthY1Ren,ä¸‹åˆ1:00 Â· 2018å¹´7æœˆ16æ—¥,0,['@letelegramme'],['#Rennes'],['https://t.co/tbOthY1Ren'],"['-', 'La', 'sortie', 'de', 'prison', 'de', 'Djamel', 'Beghal', 'VidÃ©o', 'exclusive', 'via']",2018-07-16 13:00:00,"['sortie', 'prison', 'djamel', 'beghal', 'vidÃ©o', 'exclusive']",['Djamel Beghal VidÃ©o'],[]
1018723940791971840,@evebechade,"Le terroriste Djamel Beghal [mentor de Kouachi et Coulibaly, auteurs des attentats de Charlie Hebdo et de l'Hyper Cacher] sort de prison ğŸ‘‰ DÃ©cision intolÃ©rable! Ã€ quant une justice d'exception pour ces terroristes ? https://t.co/DJHGpv8Uui via @Le_Figaro",ä¸‹åˆ1:08 Â· 2018å¹´7æœˆ16æ—¥,0,['@Le_Figaro'],[],['https://t.co/DJHGpv8Uui'],"['Le', 'terroriste', 'Djamel', 'Beghal', 'mentor', 'de', 'Kouachi', 'et', 'Coulibaly', 'auteurs', 'des', 'attentats', 'de', 'Charlie', 'Hebdo', 'et', 'de', ""l'Hyper"", 'Cacher', 'sort', 'de', 'prison', 'ğŸ‘‰', 'DÃ©cision', 'intolÃ©rable', 'Ã€', 'quant', 'une', 'justice', ""d'exception"", 'pour', 'ces', 'terroristes', '?', 'via']",2018-07-16 13:08:00,"['terroriste', 'djamel', 'beghal', 'mentor', 'kouachi', 'coulibaly', 'auteurs', 'attentats', 'charlie', 'hebdo', 'hyper', 'cacher', 'sort', 'prison', 'ğŸ‘‰', 'dÃ©cision', 'intolÃ©rable', 'justice', 'exception', 'terroristes']","['Djamel Beghal', 'Kouachi', 'Coulibaly', 'DÃ©cision']",[]
1018724673385725952,@OuestFrance,"Djamel Beghal, mentor des djihadistes de Charlie Hebdo, sort de prison ce lundi https://t.co/6FOgfdAktB https://t.co/ZrEzsSk93D",ä¸‹åˆ1:11 Â· 2018å¹´7æœˆ16æ—¥,0,[],[],"['https://t.co/6FOgfdAktB', 'https://t.co/ZrEzsSk93D']","['Djamel', 'Beghal', 'mentor', 'des', 'djihadistes', 'de', 'Charlie', 'Hebdo', 'sort', 'de', 'prison', 'ce', 'lundi']",2018-07-16 13:11:00,"['djamel', 'beghal', 'mentor', 'djihadistes', 'charlie', 'hebdo', 'sort', 'prison', 'lundi']","['Djamel Beghal', 'Charlie Hebdo']",[]
1018726465058295808,@JOL56260,Rennes. La sortie de prison de Djamel Beghal [VidÃ©o exclusive] https://t.co/cT6i0xq2va via @LeTelegramme,ä¸‹åˆ1:18 Â· 2018å¹´7æœˆ16æ—¥,0,['@LeTelegramme'],[],['https://t.co/cT6i0xq2va'],"['Rennes', 'La', 'sortie', 'de', 'prison', 'de', 'Djamel', 'Beghal', 'VidÃ©o', 'exclusive', 'via']",2018-07-16 13:18:00,"['rennes', 'sortie', 'prison', 'djamel', 'beghal', 'vidÃ©o', 'exclusive']","['Rennes', 'Djamel Beghal VidÃ©o']",[]
1018728277517783041,@luigipas,2 ans de remise de peine. RT @Le_Figaro: Le terroriste Djamel Beghal sort de prison #SociÃ©tÃ© https://t.co/G5vtT5YP0J,ä¸‹åˆ1:25 Â· 2018å¹´7æœˆ16æ—¥,0,['@Le_Figaro:'],['#SociÃ©tÃ©'],['https://t.co/G5vtT5YP0J'],"['2', 'ans', 'de', 'remise', 'de', 'peine', 'RT', 'Le', 'terroriste', 'Djamel', 'Beghal', 'sort', 'de', 'prison']",2018-07-16 13:25:00,"['2', 'ans', 'remise', 'peine', 'rt', 'terroriste', 'djamel', 'beghal', 'sort', 'prison']","['RT', 'Djamel Beghal']",[]
1018728720322912256,@W38777Y,L'islamiste Djamel Beghal sort de prison mais des incertitudes demeurent sur son sort https://t.co/lnt1kOaYpv https://t.co/gVz8SARqKf,ä¸‹åˆ1:27 Â· 2018å¹´7æœˆ16æ—¥,0,[],[],"['https://t.co/lnt1kOaYpv', 'https://t.co/gVz8SARqKf']","[""L'islamiste"", 'Djamel', 'Beghal', 'sort', 'de', 'prison', 'mais', 'des', 'incertitudes', 'demeurent', 'sur', 'son', 'sort']",2018-07-16 13:27:00,"['islamiste', 'djamel', 'beghal', 'sort', 'prison', 'incertitudes', 'demeurent', 'sort']",['Djamel Beghal'],[]
1018729943692267520,@GillesKLEIN,ğŸ‡«ğŸ‡· L'islamiste Djamel Beghal sort de prison mais des incertitudes demeurent sur son sort (AFP) https://t.co/Hp1N6QVP0t,ä¸‹åˆ1:32 Â· 2018å¹´7æœˆ16æ—¥,0,[],[],['https://t.co/Hp1N6QVP0t'],"['ğŸ‡«ğŸ‡·', ""L'islamiste"", 'Djamel', 'Beghal', 'sort', 'de', 'prison', 'mais', 'des', 'incertitudes', 'demeurent', 'sur', 'son', 'sort', 'AFP']",2018-07-16 13:32:00,"['ğŸ‡«', 'ğŸ‡·', 'islamiste', 'djamel', 'beghal', 'sort', 'prison', 'incertitudes', 'demeurent', 'sort', 'afp']","['ğŸ‡·', 'Djamel Beghal', 'AFP']",[]
1018730359800856577,@sudouest,"Que va devenir Djamel Beghal, le mentor des frÃ¨res Kouachi, libÃ©rÃ© ce lundi ? https://t.co/TRGYXVDUtS https://t.co/mZpZ4HgoqR",ä¸‹åˆ1:33 Â· 2018å¹´7æœˆ16æ—¥,0,[],[],"['https://t.co/TRGYXVDUtS', 'https://t.co/mZpZ4HgoqR']","['Que', 'va', 'devenir', 'Djamel', 'Beghal', 'le', 'mentor', 'des', 'frÃ¨res', 'Kouachi', 'libÃ©rÃ©', 'ce', 'lundi', '?']",2018-07-16 13:33:00,"['devenir', 'djamel', 'beghal', 'mentor', 'frÃ¨res', 'kouachi', 'libÃ©rÃ©', 'lundi']","['Djamel Beghal', 'Kouachi']",[]
1018730730669522950,@paris_2015,"L'islamiste Djamel Beghal sort de prison, des incertitudes demeurent sur son sort https://t.co/cKjbtlaybP https://t.co/nKYeOe3XdI",ä¸‹åˆ1:35 Â· 2018å¹´7æœˆ16æ—¥,0,[],[],"['https://t.co/cKjbtlaybP', 'https://t.co/nKYeOe3XdI']","[""L'islamiste"", 'Djamel', 'Beghal', 'sort', 'de', 'prison', 'des', 'incertitudes', 'demeurent', 'sur', 'son', 'sort']",2018-07-16 13:35:00,"['islamiste', 'djamel', 'beghal', 'sort', 'prison', 'incertitudes', 'demeurent', 'sort']",['Djamel Beghal'],[]
1018731004671004672,@RudyTordjman,"L'islamiste Djamel Beghal sort de prison, des incertitudes demeurent sur son sort https://t.co/mNNTB8EH3I https://t.co/YdaGJnWj43",ä¸‹åˆ1:36 Â· 2018å¹´7æœˆ16æ—¥,0,[],[],"['https://t.co/mNNTB8EH3I', 'https://t.co/YdaGJnWj43']","[""L'islamiste"", 'Djamel', 'Beghal', 'sort', 'de', 'prison', 'des', 'incertitudes', 'demeurent', 'sur', 'son', 'sort']",2018-07-16 13:36:00,"['islamiste', 'djamel', 'beghal', 'sort', 'prison', 'incertitudes', 'demeurent', 'sort']",['Djamel Beghal'],[]
1018733409601032192,@samuelpetitbzh,#Rennes La sortie de prison de Djamel Beghal [VidÃ©o exclusive] https://t.co/pYb0kzZCIW,ä¸‹åˆ1:45 Â· 2018å¹´7æœˆ16æ—¥,0,[],['#Rennes'],['https://t.co/pYb0kzZCIW'],"['La', 'sortie', 'de', 'prison', 'de', 'Djamel', 'Beghal', 'VidÃ©o', 'exclusive']",2018-07-16 13:45:00,"['sortie', 'prison', 'djamel', 'beghal', 'vidÃ©o', 'exclusive']",['Djamel Beghal VidÃ©o'],[]
1018734114671943680,@FaouziAbdelkefi,"Lâ€™islamiste Djamel Beghal sort de prison, des incertitudes demeurent sur son&nbsp;sort https://t.co/YsM0c4fSeI https://t.co/uT57qycNe8",ä¸‹åˆ1:48 Â· 2018å¹´7æœˆ16æ—¥,0,[],[],"['https://t.co/YsM0c4fSeI', 'https://t.co/uT57qycNe8']","['Lâ€™islamiste', 'Djamel', 'Beghal', 'sort', 'de', 'prison', 'des', 'incertitudes', 'demeurent', 'sur', 'son&nbsp', 'sort']",2018-07-16 13:48:00,"['islamiste', 'djamel', 'beghal', 'sort', 'prison', 'incertitudes', 'demeurent', 'son&nbsp', 'sort']",['Djamel Beghal'],[]
1018735057110958080,@lncnc_monde,"#DirectLNC #LncMonde L'islamiste Djamel Beghal sort de prison, des incertitudes demeurent sur son sort https://t.co/nhyjFAEjcQ",ä¸‹åˆ1:52 Â· 2018å¹´7æœˆ16æ—¥,0,[],"['#DirectLNC', '#LncMonde']",['https://t.co/nhyjFAEjcQ'],"[""L'islamiste"", 'Djamel', 'Beghal', 'sort', 'de', 'prison', 'des', 'incertitudes', 'demeurent', 'sur', 'son', 'sort']",2018-07-16 13:52:00,"['islamiste', 'djamel', 'beghal', 'sort', 'prison', 'incertitudes', 'demeurent', 'sort']",['Djamel Beghal'],[]
1018740982614056960,@prisonFR,"Djamel Beghal, mentor des djihadistes de Charlie Hebdo, sort de ... - https://t.co/H8G2REBYlI https://t.co/pDtQpnTXzc",ä¸‹åˆ2:15 Â· 2018å¹´7æœˆ16æ—¥,0,[],[],"['https://t.co/H8G2REBYlI', 'https://t.co/pDtQpnTXzc']","['Djamel', 'Beghal', 'mentor', 'des', 'djihadistes', 'de', 'Charlie', 'Hebdo', 'sort', 'de', '-']",2018-07-16 14:15:00,"['djamel', 'beghal', 'mentor', 'djihadistes', 'charlie', 'hebdo', 'sort']","['Djamel Beghal', 'Charlie Hebdo']",[]
1018748351070834689,@Corse_Matin,"â€ŒğŸŒ&nbsp;Il est considÃ©rÃ© comme le mentor de ChÃ©rif Kouachi et d'AmÃ©dy Coulibalyâ€Œ&nbsp;&nbsp; âš–ï¸L'islamiste Djamel Beghal sort de prison, des incertitudes demeurent sur son sort https://t.co/89GUyEPKh6 https://t.co/cjy8JzMD6h",ä¸‹åˆ2:45 Â· 2018å¹´7æœˆ16æ—¥,0,[],[],"['https://t.co/89GUyEPKh6', 'https://t.co/cjy8JzMD6h']","['\u200cğŸŒ&nbsp', 'Il', 'est', 'considÃ©rÃ©', 'comme', 'le', 'mentor', 'de', 'ChÃ©rif', 'Kouachi', 'et', ""d'AmÃ©dy"", 'Coulibaly\u200c&nbsp', '&nbsp', ""âš–ï¸L'islamiste"", 'Djamel', 'Beghal', 'sort', 'de', 'prison', 'des', 'incertitudes', 'demeurent', 'sur', 'son', 'sort']",2018-07-16 14:45:00,"['\u200c', 'ğŸŒ', '&nbsp', 'il', 'considÃ©rÃ©', 'mentor', 'chÃ©rif', 'kouachi', 'amÃ©dy', 'coulibaly\u200c&nbsp', '&nbsp', 'âš–', ""ï¸l'"", 'islamiste', 'djamel', 'beghal', 'sort', 'prison', 'incertitudes', 'demeurent', 'sort']","['&nbsp', 'Il', 'ChÃ©rif Kouachi', 'AmÃ©dy Coulibaly\u200c&nbsp', '&nbsp', 'Djamel Beghal']",[]
1018749825083412480,@afpfr,"L'islamiste Djamel Beghal sort de prison, des incertitudes demeurent sur son sort https://t.co/E4t1r3ww7Y #AFP",ä¸‹åˆ2:51 Â· 2018å¹´7æœˆ16æ—¥,0,[],['#AFP'],['https://t.co/E4t1r3ww7Y'],"[""L'islamiste"", 'Djamel', 'Beghal', 'sort', 'de', 'prison', 'des', 'incertitudes', 'demeurent', 'sur', 'son', 'sort']",2018-07-16 14:51:00,"['islamiste', 'djamel', 'beghal', 'sort', 'prison', 'incertitudes', 'demeurent', 'sort']",['Djamel Beghal'],[]
1018750891770474496,@dlang57500,"L'#islamiste Djamel Beghal sort de prison, des incertitudes demeurent sur son sort https://t.co/lnYRYuiLsH",ä¸‹åˆ2:55 Â· 2018å¹´7æœˆ16æ—¥,0,[],"[""L'#islamiste""]",['https://t.co/lnYRYuiLsH'],"['Djamel', 'Beghal', 'sort', 'de', 'prison', 'des', 'incertitudes', 'demeurent', 'sur', 'son', 'sort']",2018-07-16 14:55:00,"['djamel', 'beghal', 'sort', 'prison', 'incertitudes', 'demeurent', 'sort']",['Djamel Beghal'],[]
1018751849229271041,@Le35000,Rennes. La sortie de prison de Djamel Beghal [VidÃ©o exclusive] https://t.co/7fwQwXnCgn,ä¸‹åˆ2:59 Â· 2018å¹´7æœˆ16æ—¥,0,[],[],['https://t.co/7fwQwXnCgn'],"['Rennes', 'La', 'sortie', 'de', 'prison', 'de', 'Djamel', 'Beghal', 'VidÃ©o', 'exclusive']",2018-07-16 14:59:00,"['rennes', 'sortie', 'prison', 'djamel', 'beghal', 'vidÃ©o', 'exclusive']","['Rennes', 'Djamel Beghal VidÃ©o']",[]
1018754364981170176,@ouestfrance35,Rennes. Djamel Beghal a quittÃ© la prison de Vezin-le-Coquet tÃ´t ce lundi matin https://t.co/3b16U4feOw https://t.co/Wvc1V7rkaM,ä¸‹åˆ3:09 Â· 2018å¹´7æœˆ16æ—¥,0,[],[],"['https://t.co/3b16U4feOw', 'https://t.co/Wvc1V7rkaM']","['Rennes', 'Djamel', 'Beghal', 'a', 'quittÃ©', 'la', 'prison', 'de', 'Vezin-le-Coquet', 'tÃ´t', 'ce', 'lundi', 'matin']",2018-07-16 15:09:00,"['rennes', 'djamel', 'beghal', 'quittÃ©', 'prison', 'vezin-le-coquet', 'tÃ´t', 'lundi', 'matin']","['Rennes', 'Djamel Beghal', 'prison de Vezin-le-Coquet']",[]
1018757895800934400,@pcrehange,#Rennes EXCLUSIF Il est considÃ©rÃ© comme le mentor des frÃ¨res Kouachi. L'islamiste Djamel Beghal est sorti de la prison de Vezin ce matin Ã  l'aube. Les images exclusives du @MensueldeRennes @LeTelegramme https://t.co/6GPFmlijwn,ä¸‹åˆ3:23 Â· 2018å¹´7æœˆ16æ—¥,0,"['@MensueldeRennes', '@LeTelegramme']",['#Rennes'],['https://t.co/6GPFmlijwn'],"['EXCLUSIF', 'Il', 'est', 'considÃ©rÃ©', 'comme', 'le', 'mentor', 'des', 'frÃ¨res', 'Kouachi', ""L'islamiste"", 'Djamel', 'Beghal', 'est', 'sorti', 'de', 'la', 'prison', 'de', 'Vezin', 'ce', 'matin', 'Ã ', ""l'aube"", 'Les', 'images', 'exclusives', 'du']",2018-07-16 15:23:00,"['exclusif', 'considÃ©rÃ©', 'mentor', 'frÃ¨res', 'kouachi', 'islamiste', 'djamel', 'beghal', 'sorti', 'prison', 'vezin', 'matin', 'aube', 'images', 'exclusives']","['EXCLUSIF', 'Kouachi', 'Djamel Beghal', 'Vezin']",[]
1018758426640420865,@prisonFR,"Djamel Beghal, mentor des djihadistes de Charlie Hebdo, sort de ... - Ouest-France https://t.co/6SrqvaFPGD",ä¸‹åˆ3:25 Â· 2018å¹´7æœˆ16æ—¥,0,[],[],['https://t.co/6SrqvaFPGD'],"['Djamel', 'Beghal', 'mentor', 'des', 'djihadistes', 'de', 'Charlie', 'Hebdo', 'sort', 'de', '-', 'Ouest-France']",2018-07-16 15:25:00,"['djamel', 'beghal', 'mentor', 'djihadistes', 'charlie', 'hebdo', 'sort', 'ouest-france']","['Djamel Beghal', 'Charlie Hebdo', 'Ouest-France']",[]
1018759796990898176,@prisonFR,L'islamiste Djamel Beghal sort de prison - https://t.co/FI9vXL3mnG https://t.co/tReLiSCnQv,ä¸‹åˆ3:30 Â· 2018å¹´7æœˆ16æ—¥,0,[],[],"['https://t.co/FI9vXL3mnG', 'https://t.co/tReLiSCnQv']","[""L'islamiste"", 'Djamel', 'Beghal', 'sort', 'de', 'prison', '-']",2018-07-16 15:30:00,"['islamiste', 'djamel', 'beghal', 'sort', 'prison']",['Djamel Beghal'],[]
1018763981392171008,@actufr,"#CharlieHebdo : l'islamiste #DjamelBeghal sort de prison, des incertitudes demeurent sur son sort https://t.co/zUVeyOZ02T https://t.co/IPyN8WdUl8",ä¸‹åˆ3:47 Â· 2018å¹´7æœˆ16æ—¥,0,[],"['#CharlieHebdo', '#DjamelBeghal']","['https://t.co/zUVeyOZ02T', 'https://t.co/IPyN8WdUl8']","[':', ""l'islamiste"", 'sort', 'de', 'prison', 'des', 'incertitudes', 'demeurent', 'sur', 'son', 'sort']",2018-07-16 15:47:00,"['islamiste', 'sort', 'prison', 'incertitudes', 'demeurent', 'sort']",[],[]
1018763999549313024,@julientran,"L'islamiste Djamel Beghal sort de prison, des incertitudes demeurent sur son sort https://t.co/VGluCTiXX6",ä¸‹åˆ3:47 Â· 2018å¹´7æœˆ16æ—¥,0,[],[],['https://t.co/VGluCTiXX6'],"[""L'islamiste"", 'Djamel', 'Beghal', 'sort', 'de', 'prison', 'des', 'incertitudes', 'demeurent', 'sur', 'son', 'sort']",2018-07-16 15:47:00,"['islamiste', 'djamel', 'beghal', 'sort', 'prison', 'incertitudes', 'demeurent', 'sort']",['Djamel Beghal'],[]
1018774261882867718,@RFI,France: l'islamiste Djamel Beghal sera-t-il rapidement libÃ©rÃ© et expulsÃ©? https://t.co/E47bddCnTe https://t.co/Z6iPUUK08R,ä¸‹åˆ4:28 Â· 2018å¹´7æœˆ16æ—¥,0,[],[],"['https://t.co/E47bddCnTe', 'https://t.co/Z6iPUUK08R']","['France:', ""l'islamiste"", 'Djamel', 'Beghal', 'sera-t-il', 'rapidement', 'libÃ©rÃ©', 'et', 'expulsÃ©?']",2018-07-16 16:28:00,"['france', 'islamiste', 'djamel', 'beghal', '-t', '-il', 'rapidement', 'libÃ©rÃ©', 'expulsÃ©']","['France', 'Djamel Beghal']",[]
1018775810197606400,@MaxLagarrigue,L'islamiste Djamel #Beghal est sorti de prison (source judiciaire Afp),ä¸‹åˆ4:34 Â· 2018å¹´7æœˆ16æ—¥,0,[],['#Beghal'],[],"[""L'islamiste"", 'Djamel', 'est', 'sorti', 'de', 'prison', 'source', 'judiciaire', 'Afp']",2018-07-16 16:34:00,"['islamiste', 'djamel', 'sorti', 'prison', 'source', 'judiciaire', 'afp']","['Djamel', 'Afp']",[]
1018775844129525760,@3c72c3c9aaa6430,"Ã€ Macron ; Beghal Djamel, mÃªme s'il est d'origine algÃ©rien c'est un terroriste franÃ§ais, n'oublie pas Mr le prÃ©sident !",ä¸‹åˆ4:34 Â· 2018å¹´7æœˆ16æ—¥,0,[],[],[],"['Ã€', 'Macron', 'Beghal', 'Djamel', 'mÃªme', ""s'il"", 'est', ""d'origine"", 'algÃ©rien', ""c'est"", 'un', 'terroriste', 'franÃ§ais', ""n'oublie"", 'pas', 'Mr', 'le', 'prÃ©sident']",2018-07-16 16:34:00,"['macron', 'beghal', 'djamel', 'origine', 'algÃ©rien', 'terroriste', 'franÃ§ais', 'oublie', 'mr', 'prÃ©sident']","['Macron', 'Beghal Djamel', 'Mr']",[]
1018776227635712001,@i24NEWS_FR,#France: L'islamiste algÃ©rien Djamel #Beghal est sorti de prison (source judiciaire) â–ºâ–º https://t.co/S0mDB7n6JX https://t.co/8vNEuLdjFT,ä¸‹åˆ4:35 Â· 2018å¹´7æœˆ16æ—¥,0,[],"['#France:', '#Beghal']","['https://t.co/S0mDB7n6JX', 'https://t.co/8vNEuLdjFT']","[""L'islamiste"", 'algÃ©rien', 'Djamel', 'est', 'sorti', 'de', 'prison', 'source', 'judiciaire', 'â–ºâ–º']",2018-07-16 16:35:00,"['islamiste', 'algÃ©rien', 'djamel', 'sorti', 'prison', 'source', 'judiciaire', 'â–º', 'â–º']",['Djamel'],[]
1018776359248723968,@romandie,ALERTE - France: l'islamiste algÃ©rien Djamel Beghal est sorti de prison (source judiciaire) https://t.co/6AJ0PP729u,ä¸‹åˆ4:36 Â· 2018å¹´7æœˆ16æ—¥,0,[],[],['https://t.co/6AJ0PP729u'],"['ALERTE', '-', 'France:', ""l'islamiste"", 'algÃ©rien', 'Djamel', 'Beghal', 'est', 'sorti', 'de', 'prison', 'source', 'judiciaire']",2018-07-16 16:36:00,"['alerte', '-', 'france', 'islamiste', 'algÃ©rien', 'djamel', 'beghal', 'sorti', 'prison', 'source', 'judiciaire']","['ALERTE', 'France', 'Djamel Beghal']",[]
1018776439506767872,@WikiScene_Infos,France: l'islamiste algÃ©rien Djamel Beghal est sorti de prison (source judiciaire),ä¸‹åˆ4:36 Â· 2018å¹´7æœˆ16æ—¥,0,[],[],[],"['France:', ""l'islamiste"", 'algÃ©rien', 'Djamel', 'Beghal', 'est', 'sorti', 'de', 'prison', 'source', 'judiciaire']",2018-07-16 16:36:00,"['france', 'islamiste', 'algÃ©rien', 'djamel', 'beghal', 'sorti', 'prison', 'source', 'judiciaire']","['France', 'Djamel Beghal']",[]
1018777794954735617,@mlnangalama,"via @PerilofAfrica Incertitude sur le sort de lâ€™islamiste Djamel Beghal, sorti de prison lundi https://t.co/SPh7dNgPwr https://t.co/XMSPMp2dva",ä¸‹åˆ4:42 Â· 2018å¹´7æœˆ16æ—¥,0,['@PerilofAfrica'],[],"['https://t.co/SPh7dNgPwr', 'https://t.co/XMSPMp2dva']","['via', 'Incertitude', 'sur', 'le', 'sort', 'de', 'lâ€™islamiste', 'Djamel', 'Beghal', 'sorti', 'de', 'prison', 'lundi']",2018-07-16 16:42:00,"['incertitude', 'sort', 'islamiste', 'djamel', 'beghal', 'sorti', 'prison', 'lundi']","['Incertitude', 'Djamel Beghal']",[]
1018777840521752577,@Neyrolles75,BREAKINGğŸ”´ France: l'islamiste algÃ©rien Djamel Beghal est sorti de prison (source juduciaire),ä¸‹åˆ4:42 Â· 2018å¹´7æœˆ16æ—¥,0,[],[],[],"['BREAKINGğŸ”´', 'France:', ""l'islamiste"", 'algÃ©rien', 'Djamel', 'Beghal', 'est', 'sorti', 'de', 'prison', 'source', 'juduciaire']",2018-07-16 16:42:00,"['breaking', 'ğŸ”´', 'france', 'islamiste', 'algÃ©rien', 'djamel', 'beghal', 'sorti', 'prison', 'source', 'juduciaire']","['France', 'Djamel Beghal']",[]
1018777853066924033,@lncnc_monde,#DirectLNC #LncMonde France: l'islamiste algÃ©rien Djamel Beghal est sorti de prison https://t.co/7ODGZ1iTre,ä¸‹åˆ4:42 Â· 2018å¹´7æœˆ16æ—¥,0,[],"['#DirectLNC', '#LncMonde']",['https://t.co/7ODGZ1iTre'],"['France:', ""l'islamiste"", 'algÃ©rien', 'Djamel', 'Beghal', 'est', 'sorti', 'de', 'prison']",2018-07-16 16:42:00,"['france', 'islamiste', 'algÃ©rien', 'djamel', 'beghal', 'sorti', 'prison']","['France', 'Djamel Beghal']",[]
1018778207821189120,@laprovence,#France : l'islamiste Djamel Beghal est sorti de #prison https://t.co/xTLxwtgRn6 #justice https://t.co/6a2FV4Oz4K,ä¸‹åˆ4:43 Â· 2018å¹´7æœˆ16æ—¥,0,[],"['#France', '#prison', '#justice']","['https://t.co/xTLxwtgRn6', 'https://t.co/6a2FV4Oz4K']","[':', ""l'islamiste"", 'Djamel', 'Beghal', 'est', 'sorti', 'de']",2018-07-16 16:43:00,"['islamiste', 'djamel', 'beghal', 'sorti']",['Djamel Beghal'],[]
1018778219556823040,@Limportant_fr,"Rennes : considÃ©rÃ© comme le mentor des frÃ¨res Kouachi, Djamel Beghal est sorti de prison ce matin https://t.co/sMz1tAuIss @pcrehange https://t.co/d8LjVtVw7p",ä¸‹åˆ4:43 Â· 2018å¹´7æœˆ16æ—¥,0,['@pcrehange'],[],"['https://t.co/sMz1tAuIss', 'https://t.co/d8LjVtVw7p']","['Rennes', ':', 'considÃ©rÃ©', 'comme', 'le', 'mentor', 'des', 'frÃ¨res', 'Kouachi', 'Djamel', 'Beghal', 'est', 'sorti', 'de', 'prison', 'ce', 'matin']",2018-07-16 16:43:00,"['rennes', 'considÃ©rÃ©', 'mentor', 'frÃ¨res', 'kouachi', 'djamel', 'beghal', 'sorti', 'prison', 'matin']","['Rennes', 'Kouachi Djamel Beghal']",[]
1018778235868311553,@RFI,France: l'islamiste Djamel Beghal est sorti de prison https://t.co/5cQ3t5duCr https://t.co/cc6cX8uQci,ä¸‹åˆ4:43 Â· 2018å¹´7æœˆ16æ—¥,0,[],[],"['https://t.co/5cQ3t5duCr', 'https://t.co/cc6cX8uQci']","['France:', ""l'islamiste"", 'Djamel', 'Beghal', 'est', 'sorti', 'de', 'prison']",2018-07-16 16:43:00,"['france', 'islamiste', 'djamel', 'beghal', 'sorti', 'prison']","['France', 'Djamel Beghal']",[]
1018778281498140672,@W38777Y,"Incertitude sur le sort de lâ€™islamiste Djamel Beghal, sorti de prison lundi https://t.co/2IxUQqiCdu https://t.co/h7GkIYTUeB",ä¸‹åˆ4:44 Â· 2018å¹´7æœˆ16æ—¥,0,[],[],"['https://t.co/2IxUQqiCdu', 'https://t.co/h7GkIYTUeB']","['Incertitude', 'sur', 'le', 'sort', 'de', 'lâ€™islamiste', 'Djamel', 'Beghal', 'sorti', 'de', 'prison', 'lundi']",2018-07-16 16:44:00,"['incertitude', 'sort', 'islamiste', 'djamel', 'beghal', 'sorti', 'prison', 'lundi']","['Incertitude', 'Djamel Beghal']",[]
1018778764745101312,@prisonFR,L'islamiste Djamel Beghal est sorti de prison - Est RÃ©publicain https://t.co/N07xhjepqY,ä¸‹åˆ4:46 Â· 2018å¹´7æœˆ16æ—¥,0,[],[],['https://t.co/N07xhjepqY'],"[""L'islamiste"", 'Djamel', 'Beghal', 'est', 'sorti', 'de', 'prison', '-', 'Est', 'RÃ©publicain']",2018-07-16 16:46:00,"['islamiste', 'djamel', 'beghal', 'sorti', 'prison', 'rÃ©publicain']","['Djamel Beghal', 'Est RÃ©publicain']",[]
1018779292753448960,@Megabox_2424,"#EU #France ""France: l'islamiste Djamel Beghal sera-t-il rapidement expulsÃ©?"" https://t.co/2jHm7Mrzf5",ä¸‹åˆ4:48 Â· 2018å¹´7æœˆ16æ—¥,0,[],"['#EU', '#France']",['https://t.co/2jHm7Mrzf5'],"['""France:', ""l'islamiste"", 'Djamel', 'Beghal', 'sera-t-il', 'rapidement', 'expulsÃ©?""']",2018-07-16 16:48:00,"['france', 'islamiste', 'djamel', 'beghal', '-t', '-il', 'rapidement', 'expulsÃ©']","['France', 'Djamel Beghal']",[]
1018780326716420096,@LeParisien_FDiv,Lâ€™islamiste Djamel Beghal est sorti de prison #FaitsDivers https://t.co/x7Vnt9kEMA,ä¸‹åˆ4:52 Â· 2018å¹´7æœˆ16æ—¥,0,[],['#FaitsDivers'],['https://t.co/x7Vnt9kEMA'],"['Lâ€™islamiste', 'Djamel', 'Beghal', 'est', 'sorti', 'de', 'prison']",2018-07-16 16:52:00,"['islamiste', 'djamel', 'beghal', 'sorti', 'prison']",['Djamel Beghal'],[]
1018780531327143936,@DirectActus,"â­•ï¸ #Beghal ğŸ‡«ğŸ‡· L'islamiste Djamel Beghal, 52 ans, considÃ©rÃ© comme le mentor de ChÃ©rif Kouachi et d'AmÃ©dy Coulibaly, deux des auteurs des attentats de janvier 2015 Ã  Paris, est sorti de prison ce matin, ""en vue d'Ãªtre reconduit Ã  la frontiÃ¨re"" Â» https://t.co/OrsLfDiwXx https://t.co/yDcBvduBA3",ä¸‹åˆ4:53 Â· 2018å¹´7æœˆ16æ—¥,0,[],['#Beghal'],"['https://t.co/OrsLfDiwXx', 'https://t.co/yDcBvduBA3']","['â­•ï¸', 'ğŸ‡«ğŸ‡·', ""L'islamiste"", 'Djamel', 'Beghal', '52', 'ans', 'considÃ©rÃ©', 'comme', 'le', 'mentor', 'de', 'ChÃ©rif', 'Kouachi', 'et', ""d'AmÃ©dy"", 'Coulibaly', 'deux', 'des', 'auteurs', 'des', 'attentats', 'de', 'janvier', '2015', 'Ã ', 'Paris', 'est', 'sorti', 'de', 'prison', 'ce', 'matin', '""en', 'vue', ""d'Ãªtre"", 'reconduit', 'Ã ', 'la', 'frontiÃ¨re""', 'Â»']",2018-07-16 16:53:00,"['â­•', 'ï¸', 'ğŸ‡«', 'ğŸ‡·', 'islamiste', 'djamel', 'beghal', '52', 'ans', 'considÃ©rÃ©', 'mentor', 'chÃ©rif', 'kouachi', 'amÃ©dy', 'coulibaly', 'auteurs', 'attentats', 'janvier', '2015', 'paris', 'sorti', 'prison', 'matin', 'vue', 'reconduit', 'frontiÃ¨re']","['â­•', 'ğŸ‡·', 'Djamel Beghal', 'ChÃ©rif Kouachi', 'AmÃ©dy Coulibaly', 'Paris']",[]
1018780579792392192,@Geobilongo1,"Il est, depuis le dÃ©but des annÃ©es 2000, l'un des pires casse-tÃªte de la France tous gouvernements confondus en matiÃ¨re de terrorisme. Djamel Beghal, considÃ©rÃ© comme le mentor de ChÃ©rif Kouachi et d'Amedy Coulibaly,",ä¸‹åˆ4:53 Â· 2018å¹´7æœˆ16æ—¥,0,[],[],[],"['Il', 'est', 'depuis', 'le', 'dÃ©but', 'des', 'annÃ©es', '2000', ""l'un"", 'des', 'pires', 'casse-tÃªte', 'de', 'la', 'France', 'tous', 'gouvernements', 'confondus', 'en', 'matiÃ¨re', 'de', 'terrorisme', 'Djamel', 'Beghal', 'considÃ©rÃ©', 'comme', 'le', 'mentor', 'de', 'ChÃ©rif', 'Kouachi', 'et', ""d'Amedy"", 'Coulibaly']",2018-07-16 16:53:00,"['dÃ©but', 'annÃ©es', '2000', 'pires', 'casse-tÃªte', 'france', 'gouvernements', 'confondus', 'matiÃ¨re', 'terrorisme', 'djamel', 'beghal', 'considÃ©rÃ©', 'mentor', 'chÃ©rif', 'kouachi', 'amedy', 'coulibaly']","['la France', 'Djamel Beghal', 'ChÃ©rif Kouachi', 'Amedy Coulibaly']",[]
1018780872403759104,@le_Parisien,Lâ€™islamiste Djamel Beghal est sorti de prison https://t.co/3xs5yOhfeb,ä¸‹åˆ4:54 Â· 2018å¹´7æœˆ16æ—¥,0,[],[],['https://t.co/3xs5yOhfeb'],"['Lâ€™islamiste', 'Djamel', 'Beghal', 'est', 'sorti', 'de', 'prison']",2018-07-16 16:54:00,"['islamiste', 'djamel', 'beghal', 'sorti', 'prison']",['Djamel Beghal'],[]
1018781602766352384,@CyrilPETIT7,L'islamiste Djamel Beghal est sorti de prison https://t.co/ypprFgEnwB,ä¸‹åˆ4:57 Â· 2018å¹´7æœˆ16æ—¥,0,[],[],['https://t.co/ypprFgEnwB'],"[""L'islamiste"", 'Djamel', 'Beghal', 'est', 'sorti', 'de', 'prison']",2018-07-16 16:57:00,"['islamiste', 'djamel', 'beghal', 'sorti', 'prison']",['Djamel Beghal'],[]
1018782164387811328,@romandie,France: l'islamiste algÃ©rien Djamel Beghal est sorti de prison https://t.co/Ytw3ENQcOD,ä¸‹åˆ4:59 Â· 2018å¹´7æœˆ16æ—¥,0,[],[],['https://t.co/Ytw3ENQcOD'],"['France:', ""l'islamiste"", 'algÃ©rien', 'Djamel', 'Beghal', 'est', 'sorti', 'de', 'prison']",2018-07-16 16:59:00,"['france', 'islamiste', 'algÃ©rien', 'djamel', 'beghal', 'sorti', 'prison']","['France', 'Djamel Beghal']",[]
1018782274144358400,@WikiScene_Infos,France: l'islamiste algÃ©rien Djamel Beghal est sorti de prison,ä¸‹åˆ4:59 Â· 2018å¹´7æœˆ16æ—¥,0,[],[],[],"['France:', ""l'islamiste"", 'algÃ©rien', 'Djamel', 'Beghal', 'est', 'sorti', 'de', 'prison']",2018-07-16 16:59:00,"['france', 'islamiste', 'algÃ©rien', 'djamel', 'beghal', 'sorti', 'prison']","['France', 'Djamel Beghal']",[]
1018782377986936832,@updayFR,Lâ€™islamiste Djamel Beghal est sorti de prison (via @le_Parisien) https://t.co/V9E45Gc6ya https://t.co/9NkrNgJElI,ä¸‹åˆ5:00 Â· 2018å¹´7æœˆ16æ—¥,0,['@le_Parisien)'],[],"['https://t.co/V9E45Gc6ya', 'https://t.co/9NkrNgJElI']","['Lâ€™islamiste', 'Djamel', 'Beghal', 'est', 'sorti', 'de', 'prison', 'via']",2018-07-16 17:00:00,"['islamiste', 'djamel', 'beghal', 'sorti', 'prison']",['Djamel Beghal'],[]
1018782429220409345,@vapote38,Faits divers | Lâ€™islamiste Djamel Beghal est sorti de prison https://t.co/LjMmPLwltl via @Le_Progres,ä¸‹åˆ5:00 Â· 2018å¹´7æœˆ16æ—¥,0,['@Le_Progres'],[],['https://t.co/LjMmPLwltl'],"['Faits', 'divers', '|', 'Lâ€™islamiste', 'Djamel', 'Beghal', 'est', 'sorti', 'de', 'prison', 'via']",2018-07-16 17:00:00,"['faits', '|', 'islamiste', 'djamel', 'beghal', 'sorti', 'prison']","['Faits divers', 'Djamel Beghal']",[]
1018782683562831873,@dubon_chris,"France: l'islamiste Djamel Beghal sera-t-il rapidement expulsÃ©?: Ce lundi 16 juillet 2018, Djamel Beghal, figure de l'islam radical, est sorti de prison, relate l'Agence France-Presse. Les autoritÃ©s franÃ§aises assurent qu'un accord a Ã©tÃ© pris pour son expulsion vers l'AlgÃ©rie.â€¦ https://t.co/mzAABEzoAe",ä¸‹åˆ5:01 Â· 2018å¹´7æœˆ16æ—¥,0,[],[],['https://t.co/mzAABEzoAe'],"['France:', ""l'islamiste"", 'Djamel', 'Beghal', 'sera-t-il', 'rapidement', 'expulsÃ©?:', 'Ce', 'lundi', '16', 'juillet', '2018', 'Djamel', 'Beghal', 'figure', 'de', ""l'islam"", 'radical', 'est', 'sorti', 'de', 'prison', 'relate', ""l'Agence"", 'France-Presse', 'Les', 'autoritÃ©s', 'franÃ§aises', 'assurent', ""qu'un"", 'accord', 'a', 'Ã©tÃ©', 'pris', 'pour', 'son', 'expulsion', 'vers', ""l'AlgÃ©rie.â€¦""]",2018-07-16 17:01:00,"['france', 'islamiste', 'djamel', 'beghal', '-t', '-il', 'rapidement', 'expulsÃ©', 'lundi', '16', 'juillet', '2018', 'djamel', 'beghal', 'figure', 'islam', 'radical', 'sorti', 'prison', 'relate', 'agence', 'france', 'presse', 'autoritÃ©s', 'franÃ§aises', 'assurent', 'accord', 'pris', 'expulsion', 'algÃ©rie']","['France', 'Djamel Beghal', 'Djamel Beghal', 'Agence France', 'AlgÃ©rie']",[]
1018782780296126464,@Europe1,L'islamiste Djamel Beghal est sorti de prison https://t.co/LnIKD1GMZY,ä¸‹åˆ5:01 Â· 2018å¹´7æœˆ16æ—¥,0,[],[],['https://t.co/LnIKD1GMZY'],"[""L'islamiste"", 'Djamel', 'Beghal', 'est', 'sorti', 'de', 'prison']",2018-07-16 17:01:00,"['islamiste', 'djamel', 'beghal', 'sorti', 'prison']",['Djamel Beghal'],[]
1018783025168027648,@adlenmeddi,La France expulse vers l'AlgÃ©rie Djamel Beghal,ä¸‹åˆ5:02 Â· 2018å¹´7æœˆ16æ—¥,0,[],[],[],"['La', 'France', 'expulse', 'vers', ""l'AlgÃ©rie"", 'Djamel', 'Beghal']",2018-07-16 17:02:00,"['france', 'expulse', 'algÃ©rie', 'djamel', 'beghal']","['La France', 'AlgÃ©rie', 'Djamel Beghal']",[]
1018783108680777728,@carbonadflamand,"Plus prÃ©cisÃ©ment, le terroriste islamiste.... Faut appeler un chat un chat https://t.co/it2n8mGri2",ä¸‹åˆ5:03 Â· 2018å¹´7æœˆ16æ—¥,0,[],[],['https://t.co/it2n8mGri2'],"['Plus', 'prÃ©cisÃ©ment', 'le', 'terroriste', 'islamiste', 'Faut', 'appeler', 'un', 'chat', 'un', 'chat']",2018-07-16 17:03:00,"['prÃ©cisÃ©ment', 'terroriste', 'islamiste', 'faut', 'appeler', 'chat', 'chat']",['Faut'],[]
1018783125575487494,@pierrealain59,L'islamiste Djamel Beghal est sorti de prison https://t.co/2NUreGDyNA via @europe1,ä¸‹åˆ5:03 Â· 2018å¹´7æœˆ16æ—¥,0,['@europe1'],[],['https://t.co/2NUreGDyNA'],"[""L'islamiste"", 'Djamel', 'Beghal', 'est', 'sorti', 'de', 'prison', 'via']",2018-07-16 17:03:00,"['islamiste', 'djamel', 'beghal', 'sorti', 'prison']",['Djamel Beghal'],[]
1018783191346417665,@romandie,ALERTE - La France expulse vers l'AlgÃ©rie l'islamiste Djamel Beghal (sources concordantes) https://t.co/Cto7AZD418,ä¸‹åˆ5:03 Â· 2018å¹´7æœˆ16æ—¥,0,[],[],['https://t.co/Cto7AZD418'],"['ALERTE', '-', 'La', 'France', 'expulse', 'vers', ""l'AlgÃ©rie"", ""l'islamiste"", 'Djamel', 'Beghal', 'sources', 'concordantes']",2018-07-16 17:03:00,"['alerte', 'france', 'expulse', 'algÃ©rie', 'islamiste', 'djamel', 'beghal', 'sources', 'concordantes']","['ALERTE', 'La France', 'AlgÃ©rie', 'Djamel Beghal']",[]
1018783281578430464,@WikiScene_Infos,La France expulse vers l'AlgÃ©rie l'islamiste Djamel Beghal (sources concordantes),ä¸‹åˆ5:03 Â· 2018å¹´7æœˆ16æ—¥,0,[],[],[],"['La', 'France', 'expulse', 'vers', ""l'AlgÃ©rie"", ""l'islamiste"", 'Djamel', 'Beghal', 'sources', 'concordantes']",2018-07-16 17:03:00,"['france', 'expulse', 'algÃ©rie', 'islamiste', 'djamel', 'beghal', 'sources', 'concordantes']","['La France', 'AlgÃ©rie', 'Djamel Beghal']",[]
1018784056467738625,@1001portails_fr,"Retour en AlgÃ©rie ou assignÃ© Ã  rÃ©sidence: Incertitudes sur l'avenir de l'islamiste Djamel Beghal, qui... (https://t.co/1OeNFQu3GO) https://t.co/Wj3H88mfJv",ä¸‹åˆ5:07 Â· 2018å¹´7æœˆ16æ—¥,0,[],[],"['(https://t.co/1OeNFQu3GO)', 'https://t.co/Wj3H88mfJv']","['Retour', 'en', 'AlgÃ©rie', 'ou', 'assignÃ©', 'Ã ', 'rÃ©sidence:', 'Incertitudes', 'sur', ""l'avenir"", 'de', ""l'islamiste"", 'Djamel', 'Beghal', 'qui']",2018-07-16 17:07:00,"['algÃ©rie', 'assignÃ©', 'rÃ©sidence', 'incertitudes', 'avenir', 'islamiste', 'djamel', 'beghal']","['AlgÃ©rie', 'Djamel Beghal']",[]
1018784374303666176,@Lebienpublic,Lâ€™islamiste Djamel Beghal est sorti de prison https://t.co/JjbtbEGfFA https://t.co/60ZOHeSbXT,ä¸‹åˆ5:08 Â· 2018å¹´7æœˆ16æ—¥,0,[],[],"['https://t.co/JjbtbEGfFA', 'https://t.co/60ZOHeSbXT']","['Lâ€™islamiste', 'Djamel', 'Beghal', 'est', 'sorti', 'de', 'prison']",2018-07-16 17:08:00,"['islamiste', 'djamel', 'beghal', 'sorti', 'prison']",['Djamel Beghal'],[]
1018784833592414208,@24matins,Lâ€™islamiste Djamel Beghal expulsÃ© vers lâ€™AlgÃ©rie https://t.co/xFR9GqLIYZ https://t.co/fgSBAfumH1,ä¸‹åˆ5:10 Â· 2018å¹´7æœˆ16æ—¥,0,[],[],"['https://t.co/xFR9GqLIYZ', 'https://t.co/fgSBAfumH1']","['Lâ€™islamiste', 'Djamel', 'Beghal', 'expulsÃ©', 'vers', 'lâ€™AlgÃ©rie']",2018-07-16 17:10:00,"['islamiste', 'djamel', 'beghal', 'expulsÃ©', 'algÃ©rie']","['Djamel Beghal', 'AlgÃ©rie']",[]
1018784840118820865,@OuestFrance,"Rennes. Djamel Beghal, mentor des djihadistes de Charlie Hebdo, a quittÃ© sa prison tÃ´t ce lundi https://t.co/XleJTgejIG https://t.co/YmqVeIw7F2",ä¸‹åˆ5:10 Â· 2018å¹´7æœˆ16æ—¥,0,[],[],"['https://t.co/XleJTgejIG', 'https://t.co/YmqVeIw7F2']","['Rennes', 'Djamel', 'Beghal', 'mentor', 'des', 'djihadistes', 'de', 'Charlie', 'Hebdo', 'a', 'quittÃ©', 'sa', 'prison', 'tÃ´t', 'ce', 'lundi']",2018-07-16 17:10:00,"['rennes', 'djamel', 'beghal', 'mentor', 'djihadistes', 'charlie', 'hebdo', 'quittÃ©', 'prison', 'tÃ´t', 'lundi']","['Rennes', 'Djamel Beghal', 'Charlie Hebdo']",[]
1018784892564529152,@LeGlobe_info,"ğŸ”µğŸ‡«ğŸ‡·TERRORISME - Lâ€™islamiste algÃ©rien Djamel #Beghal a quittÃ© la prison de Vezin-le-Coquet, prÃ¨s de #Rennes, ce matin, en vue dâ€™Ãªtre reconduit Ã  la frontiÃ¨re par les autoritÃ©s (AFP). https://t.co/7swtXV4k6E",ä¸‹åˆ5:10 Â· 2018å¹´7æœˆ16æ—¥,0,[],"['#Beghal', '#Rennes,']",['https://t.co/7swtXV4k6E'],"['ğŸ”µğŸ‡«ğŸ‡·TERRORISME', '-', 'Lâ€™islamiste', 'algÃ©rien', 'Djamel', 'a', 'quittÃ©', 'la', 'prison', 'de', 'Vezin-le-Coquet', 'prÃ¨s', 'de', 'ce', 'matin', 'en', 'vue', 'dâ€™Ãªtre', 'reconduit', 'Ã ', 'la', 'frontiÃ¨re', 'par', 'les', 'autoritÃ©s', 'AFP']",2018-07-16 17:10:00,"['ğŸ”µ', 'ğŸ‡«', 'ğŸ‡·', 'terrorisme', 'islamiste', 'algÃ©rien', 'djamel', 'quittÃ©', 'prison', 'vezin-le-coquet', 'matin', 'vue', 'reconduit', 'frontiÃ¨re', 'autoritÃ©s', 'afp']","['ğŸ‡·TERRORISME', 'Djamel', 'prison de Vezin-le-Coquet', 'AFP']",[]
1018784915557638144,@AlexDevecchio,Le terroriste Djamel Beghal sort de prison et devrait Ãªtre expulsÃ© vers l'AlgÃ©rie. La preuve que le droit ne fait pas tout et que l'Etat dispose encore de marges de manÅ“uvre pour peu qu'il s'en donne les moyens.,ä¸‹åˆ5:10 Â· 2018å¹´7æœˆ16æ—¥,0,[],[],[],"['Le', 'terroriste', 'Djamel', 'Beghal', 'sort', 'de', 'prison', 'et', 'devrait', 'Ãªtre', 'expulsÃ©', 'vers', ""l'AlgÃ©rie"", 'La', 'preuve', 'que', 'le', 'droit', 'ne', 'fait', 'pas', 'tout', 'et', 'que', ""l'Etat"", 'dispose', 'encore', 'de', 'marges', 'de', 'manÅ“uvre', 'pour', 'peu', ""qu'il"", ""s'en"", 'donne', 'les', 'moyens']",2018-07-16 17:10:00,"['terroriste', 'djamel', 'beghal', 'sort', 'prison', 'devrait', 'expulsÃ©', 'algÃ©rie', 'preuve', 'droit', 'etat', 'dispose', 'marges', 'manÅ“uvre', 'donne', 'moyens']","['Djamel Beghal', 'AlgÃ©rie', 'Etat']",[]
1018786646504935424,@Retourlibre,L'islamiste Djamel Beghal est sorti de prison : https://t.co/kiuOnqcPFj via @sudpresseonline,ä¸‹åˆ5:17 Â· 2018å¹´7æœˆ16æ—¥,0,['@sudpresseonline'],[],['https://t.co/kiuOnqcPFj'],"[""L'islamiste"", 'Djamel', 'Beghal', 'est', 'sorti', 'de', 'prison', ':', 'via']",2018-07-16 17:17:00,"['islamiste', 'djamel', 'beghal', 'sorti', 'prison']",['Djamel Beghal'],[]
1018786673080111107,@lncnc_monde,#DirectLNC #LncMonde L'islamiste Djamel Beghal est sorti de prison https://t.co/Bw9DTf7fzi,ä¸‹åˆ5:17 Â· 2018å¹´7æœˆ16æ—¥,0,[],"['#DirectLNC', '#LncMonde']",['https://t.co/Bw9DTf7fzi'],"[""L'islamiste"", 'Djamel', 'Beghal', 'est', 'sorti', 'de', 'prison']",2018-07-16 17:17:00,"['islamiste', 'djamel', 'beghal', 'sorti', 'prison']",['Djamel Beghal'],[]
1018786840927588352,@W38777Y,L'islamiste Djamel Beghal expulsÃ© vers l'AlgÃ©rie https://t.co/HuxhJ1ltRS https://t.co/57qXsWRPs8,ä¸‹åˆ5:18 Â· 2018å¹´7æœˆ16æ—¥,0,[],[],"['https://t.co/HuxhJ1ltRS', 'https://t.co/57qXsWRPs8']","[""L'islamiste"", 'Djamel', 'Beghal', 'expulsÃ©', 'vers', ""l'AlgÃ©rie""]",2018-07-16 17:18:00,"['islamiste', 'djamel', 'beghal', 'expulsÃ©', 'algÃ©rie']","['Djamel Beghal', 'AlgÃ©rie']",[]
1018787394311671808,@CNEWS,L'islamiste Djamel Beghal expulsÃ© vers l'AlgÃ©rie https://t.co/DUtiS6tUkj https://t.co/ZAnmjxdSoK,ä¸‹åˆ5:20 Â· 2018å¹´7æœˆ16æ—¥,0,[],[],"['https://t.co/DUtiS6tUkj', 'https://t.co/ZAnmjxdSoK']","[""L'islamiste"", 'Djamel', 'Beghal', 'expulsÃ©', 'vers', ""l'AlgÃ©rie""]",2018-07-16 17:20:00,"['islamiste', 'djamel', 'beghal', 'expulsÃ©', 'algÃ©rie']","['Djamel Beghal', 'AlgÃ©rie']",[]
1018787622058065920,@jeune_afrique,#Terrorisme : Djamel #Beghal expulsÃ© vers lâ€™ #AlgÃ©rie https://t.co/M4MZflbVzc,ä¸‹åˆ5:21 Â· 2018å¹´7æœˆ16æ—¥,0,[],"['#Terrorisme', '#Beghal', '#AlgÃ©rie']",['https://t.co/M4MZflbVzc'],"[':', 'Djamel', 'expulsÃ©', 'vers', 'lâ€™']",2018-07-16 17:21:00,"['djamel', 'expulsÃ©', 'l', 'â€™']",['Djamel'],[]
1018787842317668352,@RFI,ğŸ”´ URGENT - France: l'islamiste Djamel Beghal a Ã©tÃ© expulsÃ© vers l'AlgÃ©rie (AFP) https://t.co/6wDHCzjqLe https://t.co/rPqTwdoX1B,ä¸‹åˆ5:22 Â· 2018å¹´7æœˆ16æ—¥,0,[],[],"['https://t.co/6wDHCzjqLe', 'https://t.co/rPqTwdoX1B']","['ğŸ”´', 'URGENT', '-', 'France:', ""l'islamiste"", 'Djamel', 'Beghal', 'a', 'Ã©tÃ©', 'expulsÃ©', 'vers', ""l'AlgÃ©rie"", 'AFP']",2018-07-16 17:22:00,"['ğŸ”´', 'urgent', 'france', 'islamiste', 'djamel', 'beghal', 'expulsÃ©', 'algÃ©rie', 'afp']","['France', 'Djamel Beghal', 'AlgÃ©rie AFP']",[]
1018787938514231296,@romandie,La France expulse vers l'AlgÃ©rie l'islamiste Djamel Beghal https://t.co/LXIIQdST1M,ä¸‹åˆ5:22 Â· 2018å¹´7æœˆ16æ—¥,0,[],[],['https://t.co/LXIIQdST1M'],"['La', 'France', 'expulse', 'vers', ""l'AlgÃ©rie"", ""l'islamiste"", 'Djamel', 'Beghal']",2018-07-16 17:22:00,"['france', 'expulse', 'algÃ©rie', 'islamiste', 'djamel', 'beghal']","['La France', 'AlgÃ©rie', 'Djamel Beghal']",[]
1018787961251549185,@franceinfo,Lâ€™islamiste Djamel Beghal est sorti ce lundi de la prison de Vezin-le-Coquet (Ille-et-Vilaine) pour Ãªtre extradÃ© vers l'AlgÃ©rie https://t.co/4qHrcY5i70,ä¸‹åˆ5:22 Â· 2018å¹´7æœˆ16æ—¥,0,[],[],['https://t.co/4qHrcY5i70'],"['Lâ€™islamiste', 'Djamel', 'Beghal', 'est', 'sorti', 'ce', 'lundi', 'de', 'la', 'prison', 'de', 'Vezin-le-Coquet', 'Ille-et-Vilaine', 'pour', 'Ãªtre', 'extradÃ©', 'vers', ""l'AlgÃ©rie""]",2018-07-16 17:22:00,"['islamiste', 'djamel', 'beghal', 'sorti', 'lundi', 'prison', 'vezin-le-coquet', 'ille-et-vilaine', 'extradÃ©', 'algÃ©rie']","['Djamel Beghal', 'prison de', 'Vezin-le-Coquet Ille-et-Vilaine', 'AlgÃ©rie']",[]
1018788024950427649,@WikiScene_Infos,La France expulse vers l'AlgÃ©rie l'islamiste Djamel Beghal,ä¸‹åˆ5:22 Â· 2018å¹´7æœˆ16æ—¥,0,[],[],[],"['La', 'France', 'expulse', 'vers', ""l'AlgÃ©rie"", ""l'islamiste"", 'Djamel', 'Beghal']",2018-07-16 17:22:00,"['france', 'expulse', 'algÃ©rie', 'islamiste', 'djamel', 'beghal']","['La France', 'AlgÃ©rie', 'Djamel Beghal']",[]
1018788722131824645,@HeartVandelay,"Incertitude sur le sort de lâ€™islamiste Djamel Beghal, sorti de prison lundi https://t.co/Nl2KmfggL6",ä¸‹åˆ5:25 Â· 2018å¹´7æœˆ16æ—¥,0,[],[],['https://t.co/Nl2KmfggL6'],"['Incertitude', 'sur', 'le', 'sort', 'de', 'lâ€™islamiste', 'Djamel', 'Beghal', 'sorti', 'de', 'prison', 'lundi']",2018-07-16 17:25:00,"['incertitude', 'sort', 'islamiste', 'djamel', 'beghal', 'sorti', 'prison', 'lundi']","['Incertitude', 'Djamel Beghal']",[]
1018789555246436352,@RIBETTAR,"La France expulse vers lâ€™AlgÃ©rie lâ€™islamiste Djamel Beghal, sorti de&nbsp;â€¦ https://t.co/dQMbR8Ueg1",ä¸‹åˆ5:28 Â· 2018å¹´7æœˆ16æ—¥,0,[],[],['https://t.co/dQMbR8Ueg1'],"['La', 'France', 'expulse', 'vers', 'lâ€™AlgÃ©rie', 'lâ€™islamiste', 'Djamel', 'Beghal', 'sorti', 'de&nbsp', 'â€¦']",2018-07-16 17:28:00,"['france', 'expulse', 'algÃ©rie', 'islamiste', 'djamel', 'beghal', 'sorti', 'de&nbsp']","['La France', 'AlgÃ©rie', 'Djamel Beghal']",[]
1018790872253714432,@spinellibarrile,Lâ€™islamiste Djamel Beghal a Ã©tÃ© expulsÃ© vers lâ€™AlgÃ©rie https://t.co/j5FYfJ1BbS,ä¸‹åˆ5:34 Â· 2018å¹´7æœˆ16æ—¥,0,[],[],['https://t.co/j5FYfJ1BbS'],"['Lâ€™islamiste', 'Djamel', 'Beghal', 'a', 'Ã©tÃ©', 'expulsÃ©', 'vers', 'lâ€™AlgÃ©rie']",2018-07-16 17:34:00,"['islamiste', 'djamel', 'beghal', 'expulsÃ©', 'algÃ©rie']","['Djamel Beghal', 'AlgÃ©rie']",[]
1018791811089911808,@lerepu,Lâ€™islamiste Djamel Beghal a Ã©tÃ© expulsÃ© vers lâ€™AlgÃ©rie https://t.co/x0GREwqCH9,ä¸‹åˆ5:37 Â· 2018å¹´7æœˆ16æ—¥,0,[],[],['https://t.co/x0GREwqCH9'],"['Lâ€™islamiste', 'Djamel', 'Beghal', 'a', 'Ã©tÃ©', 'expulsÃ©', 'vers', 'lâ€™AlgÃ©rie']",2018-07-16 17:37:00,"['islamiste', 'djamel', 'beghal', 'expulsÃ©', 'algÃ©rie']","['Djamel Beghal', 'AlgÃ©rie']",[]
1018792199780274178,@MarianneleMag,"Sorti de prison, l'islamiste Djamel Beghal expulsÃ© vers l'AlgÃ©rie https://t.co/52Cr8lp99q https://t.co/jwnHSeg1cp",ä¸‹åˆ5:39 Â· 2018å¹´7æœˆ16æ—¥,0,[],[],"['https://t.co/52Cr8lp99q', 'https://t.co/jwnHSeg1cp']","['Sorti', 'de', 'prison', ""l'islamiste"", 'Djamel', 'Beghal', 'expulsÃ©', 'vers', ""l'AlgÃ©rie""]",2018-07-16 17:39:00,"['sorti', 'prison', 'islamiste', 'djamel', 'beghal', 'expulsÃ©', 'algÃ©rie']","['Djamel Beghal', 'AlgÃ©rie']",[]
1018792919464075264,@B1B6B12,"Rennes. Djamel Beghal, mentor des djihadistes de Charlie Hebdo, a quittÃ© sa prison tÃ´t ce lundi https://t.co/HS2ruUY7nh",ä¸‹åˆ5:42 Â· 2018å¹´7æœˆ16æ—¥,0,[],[],['https://t.co/HS2ruUY7nh'],"['Rennes', 'Djamel', 'Beghal', 'mentor', 'des', 'djihadistes', 'de', 'Charlie', 'Hebdo', 'a', 'quittÃ©', 'sa', 'prison', 'tÃ´t', 'ce', 'lundi']",2018-07-16 17:42:00,"['rennes', 'djamel', 'beghal', 'mentor', 'djihadistes', 'charlie', 'hebdo', 'quittÃ©', 'prison', 'tÃ´t', 'lundi']","['Rennes', 'Djamel Beghal', 'Charlie Hebdo']",[]
1018792936962551808,@PoliceRealites,Lâ€™islamiste Djamel Beghal expulsÃ© vers lâ€™AlgÃ©rie aprÃ¨s sa sortie de la prison de&nbsp;Vezin-le-Coquet https://t.co/5C4joJd5dP https://t.co/tc9g1iMfij,ä¸‹åˆ5:42 Â· 2018å¹´7æœˆ16æ—¥,0,[],[],"['https://t.co/5C4joJd5dP', 'https://t.co/tc9g1iMfij']","['Lâ€™islamiste', 'Djamel', 'Beghal', 'expulsÃ©', 'vers', 'lâ€™AlgÃ©rie', 'aprÃ¨s', 'sa', 'sortie', 'de', 'la', 'prison', 'de&nbsp', 'Vezin-le-Coquet']",2018-07-16 17:42:00,"['islamiste', 'djamel', 'beghal', 'expulsÃ©', 'algÃ©rie', 'sortie', 'prison', 'de&nbsp', 'vezin', '-', 'coquet']","['Djamel Beghal', 'AlgÃ©rie', 'Coquet']",[]
1018794017771982849,@Chris_Fisseux,Lâ€™islamiste Djamel Beghal est sorti de prison https://t.co/2lzBzTshAf via @yahooactufr,ä¸‹åˆ5:46 Â· 2018å¹´7æœˆ16æ—¥,0,['@yahooactufr'],[],['https://t.co/2lzBzTshAf'],"['Lâ€™islamiste', 'Djamel', 'Beghal', 'est', 'sorti', 'de', 'prison', 'via']",2018-07-16 17:46:00,"['islamiste', 'djamel', 'beghal', 'sorti', 'prison']",['Djamel Beghal'],[]
1018794801339170817,@thalassa2008,"L'islamiste Beghal n'a ""jamais Ã©tÃ© condamnÃ©"" en AlgÃ©rie https://t.co/c50zJgoTBr",ä¸‹åˆ5:49 Â· 2018å¹´7æœˆ16æ—¥,0,[],[],['https://t.co/c50zJgoTBr'],"[""L'islamiste"", 'Beghal', ""n'a"", '""jamais', 'Ã©tÃ©', 'condamnÃ©""', 'en', 'AlgÃ©rie']",2018-07-16 17:49:00,"['islamiste', 'beghal', 'jamais', 'condamnÃ©', 'algÃ©rie']","['Beghal', 'AlgÃ©rie']",[]
1018795123419860992,@afpfr,L'islamiste Djamel Beghal expulsÃ© vers l'AlgÃ©rie https://t.co/XTxy1Zr2pf #AFP,ä¸‹åˆ5:51 Â· 2018å¹´7æœˆ16æ—¥,0,[],['#AFP'],['https://t.co/XTxy1Zr2pf'],"[""L'islamiste"", 'Djamel', 'Beghal', 'expulsÃ©', 'vers', ""l'AlgÃ©rie""]",2018-07-16 17:51:00,"['islamiste', 'djamel', 'beghal', 'expulsÃ©', 'algÃ©rie']","['Djamel Beghal', 'AlgÃ©rie']",[]
1018795204508372992,@nanytheDT,"France: l'islamiste Djamel Beghal a Ã©tÃ© expulsÃ© vers l'AlgÃ©rie. ConsidÃ©rÃ© comme le mentor de 2 des auteurs des attentats de janvier 2015 Ã  Paris, dÃ©chu de la nationalitÃ© franÃ§aise, Beghal est sorti de la prison ce matin et a dÃ©collÃ© de Roissy vers Alger. https://t.co/q3SHpcq0vV",ä¸‹åˆ5:51 Â· 2018å¹´7æœˆ16æ—¥,0,[],[],['https://t.co/q3SHpcq0vV'],"['France:', ""l'islamiste"", 'Djamel', 'Beghal', 'a', 'Ã©tÃ©', 'expulsÃ©', 'vers', ""l'AlgÃ©rie"", 'ConsidÃ©rÃ©', 'comme', 'le', 'mentor', 'de', '2', 'des', 'auteurs', 'des', 'attentats', 'de', 'janvier', '2015', 'Ã ', 'Paris', 'dÃ©chu', 'de', 'la', 'nationalitÃ©', 'franÃ§aise', 'Beghal', 'est', 'sorti', 'de', 'la', 'prison', 'ce', 'matin', 'et', 'a', 'dÃ©collÃ©', 'de', 'Roissy', 'vers', 'Alger']",2018-07-16 17:51:00,"['france', 'islamiste', 'djamel', 'beghal', 'expulsÃ©', 'algÃ©rie', 'considÃ©rÃ©', 'mentor', '2', 'auteurs', 'attentats', 'janvier', '2015', 'paris', 'dÃ©chu', 'nationalitÃ©', 'franÃ§aise', 'beghal', 'sorti', 'prison', 'matin', 'dÃ©collÃ©', 'roissy', 'alger']","['France', 'Djamel Beghal', 'AlgÃ©rie', 'Paris', 'Beghal', 'Roissy', 'Alger']",[]
1018796847853338624,@RTLFrance,"Figure de l'islamisme radical, Djamel Beghal est sorti de la prison https://t.co/AozzoKVUJN",ä¸‹åˆ5:57 Â· 2018å¹´7æœˆ16æ—¥,0,[],[],['https://t.co/AozzoKVUJN'],"['Figure', 'de', ""l'islamisme"", 'radical', 'Djamel', 'Beghal', 'est', 'sorti', 'de', 'la', 'prison']",2018-07-16 17:57:00,"['figure', 'islamisme', 'radical', 'djamel', 'beghal', 'sorti', 'prison']",['Djamel Beghal'],[]
1018796906116415488,@Limportant_fr,"Rennes : considÃ©rÃ© comme le mentor des frÃ¨res Kouachi, Djamel Beghal est sorti de prison ce matin https://t.co/sMz1tAuIss #SociÃ©tÃ© https://t.co/itijf1qo8e",ä¸‹åˆ5:58 Â· 2018å¹´7æœˆ16æ—¥,0,[],['#SociÃ©tÃ©'],"['https://t.co/sMz1tAuIss', 'https://t.co/itijf1qo8e']","['Rennes', ':', 'considÃ©rÃ©', 'comme', 'le', 'mentor', 'des', 'frÃ¨res', 'Kouachi', 'Djamel', 'Beghal', 'est', 'sorti', 'de', 'prison', 'ce', 'matin']",2018-07-16 17:58:00,"['rennes', 'considÃ©rÃ©', 'mentor', 'frÃ¨res', 'kouachi', 'djamel', 'beghal', 'sorti', 'prison', 'matin']","['Rennes', 'Kouachi Djamel Beghal']",[]
1018797159087390721,@paris_2015,Le terroriste Djamel Beghal libÃ©rÃ© et expulsÃ© en AlgÃ©rie https://t.co/4Rzj9kqAeg https://t.co/wh8iIzDQCP,ä¸‹åˆ5:59 Â· 2018å¹´7æœˆ16æ—¥,0,[],[],"['https://t.co/4Rzj9kqAeg', 'https://t.co/wh8iIzDQCP']","['Le', 'terroriste', 'Djamel', 'Beghal', 'libÃ©rÃ©', 'et', 'expulsÃ©', 'en', 'AlgÃ©rie']",2018-07-16 17:59:00,"['terroriste', 'djamel', 'beghal', 'libÃ©rÃ©', 'expulsÃ©', 'algÃ©rie']","['Djamel Beghal', 'AlgÃ©rie']",[]
1018797285344411648,@Midilibre,Le terroriste Djamel Beghal libÃ©rÃ© et expulsÃ© en AlgÃ©rie https://t.co/kadLKHrGcP,ä¸‹åˆ5:59 Â· 2018å¹´7æœˆ16æ—¥,0,[],[],['https://t.co/kadLKHrGcP'],"['Le', 'terroriste', 'Djamel', 'Beghal', 'libÃ©rÃ©', 'et', 'expulsÃ©', 'en', 'AlgÃ©rie']",2018-07-16 17:59:00,"['terroriste', 'djamel', 'beghal', 'libÃ©rÃ©', 'expulsÃ©', 'algÃ©rie']","['Djamel Beghal', 'AlgÃ©rie']",[]
1018798016130666496,@JBJacquin,"Qui est Djamel Beghal, le terroriste que la France a expulsÃ© ce matin vers l'AlgÃ©rie Ã  sa sortie de prison? https://t.co/IHfClapOtw",ä¸‹åˆ6:02 Â· 2018å¹´7æœˆ16æ—¥,0,[],[],['https://t.co/IHfClapOtw'],"['Qui', 'est', 'Djamel', 'Beghal', 'le', 'terroriste', 'que', 'la', 'France', 'a', 'expulsÃ©', 'ce', 'matin', 'vers', ""l'AlgÃ©rie"", 'Ã ', 'sa', 'sortie', 'de', 'prison?']",2018-07-16 18:02:00,"['djamel', 'beghal', 'terroriste', 'france', 'expulsÃ©', 'matin', 'algÃ©rie', 'sortie', 'prison']","['Djamel Beghal', 'la France', 'AlgÃ©rie']",[]
1018799284831989760,@F_Desouche,Le mentor de ChÃ©rif Kouachi et Amedy Coulibaly expulsÃ© aujourd'hui vers l'AlgÃ©rie https://t.co/bv872ywOdl https://t.co/KBSqlnBgNs,ä¸‹åˆ6:07 Â· 2018å¹´7æœˆ16æ—¥,0,[],[],"['https://t.co/bv872ywOdl', 'https://t.co/KBSqlnBgNs']","['Le', 'mentor', 'de', 'ChÃ©rif', 'Kouachi', 'et', 'Amedy', 'Coulibaly', 'expulsÃ©', ""aujourd'hui"", 'vers', ""l'AlgÃ©rie""]",2018-07-16 18:07:00,"['mentor', 'chÃ©rif', 'kouachi', 'amedy', 'coulibaly', 'expulsÃ©', 'algÃ©rie']","['ChÃ©rif Kouachi', 'Amedy Coulibaly', 'AlgÃ©rie']",[]
1018799843748270080,@maliactu,#L'islamiste Djamel Beghal expulsÃ© vers l'AlgÃ©rie Ã  sa s ... - https://t.co/bBga8xPNgq #PresidentielleMali2018 #Mali https://t.co/DxeiKtCGd5,ä¸‹åˆ6:09 Â· 2018å¹´7æœˆ16æ—¥,0,[],"[""#L'islamiste"", '#PresidentielleMali2018', '#Mali']","['https://t.co/bBga8xPNgq', 'https://t.co/DxeiKtCGd5']","['Djamel', 'Beghal', 'expulsÃ©', 'vers', ""l'AlgÃ©rie"", 'Ã ', 'sa', 's', '-']",2018-07-16 18:09:00,"['djamel', 'beghal', 'expulsÃ©', 'algÃ©rie', 's']","['Djamel Beghal', 'AlgÃ©rie']",[]
1018800431395364864,@RennesOnline,"L'islamiste Djamel Beghal en prison Ã  Rennes, sera expulsÃ© vers l'AlgÃ©rie https://t.co/FYSYrmiLa0 https://t.co/UA0tZh0ahN",ä¸‹åˆ6:12 Â· 2018å¹´7æœˆ16æ—¥,0,[],[],"['https://t.co/FYSYrmiLa0', 'https://t.co/UA0tZh0ahN']","[""L'islamiste"", 'Djamel', 'Beghal', 'en', 'prison', 'Ã ', 'Rennes', 'sera', 'expulsÃ©', 'vers', ""l'AlgÃ©rie""]",2018-07-16 18:12:00,"['islamiste', 'djamel', 'beghal', 'prison', 'rennes', 'expulsÃ©', 'algÃ©rie']","['Djamel Beghal', 'Rennes', 'AlgÃ©rie']",[]
1018800661994049536,@lindependant,L'islamiste #DjamelBeghal expulsÃ© vers l'AlgÃ©rie https://t.co/lvXKpRkWOP via @lindependant,ä¸‹åˆ6:13 Â· 2018å¹´7æœˆ16æ—¥,0,['@lindependant'],['#DjamelBeghal'],['https://t.co/lvXKpRkWOP'],"[""L'islamiste"", 'expulsÃ©', 'vers', ""l'AlgÃ©rie"", 'via']",2018-07-16 18:13:00,"['islamiste', 'expulsÃ©', 'algÃ©rie']",['AlgÃ©rie'],[]
1018800937857675267,@Afropages,Mali Actu - Lâ€™islamiste Djamel Beghal expulsÃ© vers lâ€™AlgÃ©rie https://t.co/kwyI4a9g9J https://t.co/q4jw4AvYTK,ä¸‹åˆ6:14 Â· 2018å¹´7æœˆ16æ—¥,0,[],[],"['https://t.co/kwyI4a9g9J', 'https://t.co/q4jw4AvYTK']","['Mali', 'Actu', '-', 'Lâ€™islamiste', 'Djamel', 'Beghal', 'expulsÃ©', 'vers', 'lâ€™AlgÃ©rie']",2018-07-16 18:14:00,"['mali', 'actu', 'islamiste', 'djamel', 'beghal', 'expulsÃ©', 'algÃ©rie']","['Mali', 'Djamel Beghal', 'AlgÃ©rie']",[]
1018801047421235200,@JeanPierreBRAY,L'islamiste Djamel Beghal expulsÃ© vers l'AlgÃ©rie https://t.co/3Jh2NrAGUH,ä¸‹åˆ6:14 Â· 2018å¹´7æœˆ16æ—¥,0,[],[],['https://t.co/3Jh2NrAGUH'],"[""L'islamiste"", 'Djamel', 'Beghal', 'expulsÃ©', 'vers', ""l'AlgÃ©rie""]",2018-07-16 18:14:00,"['islamiste', 'djamel', 'beghal', 'expulsÃ©', 'algÃ©rie']","['Djamel Beghal', 'AlgÃ©rie']",[]
1018801945090273280,@RFI,"LibÃ©rÃ© ce matin, l'islamiste Djamel Beghal a quittÃ© le territoire franÃ§ais https://t.co/CE4SM29Esr https://t.co/pWHEPlUum9",ä¸‹åˆ6:18 Â· 2018å¹´7æœˆ16æ—¥,0,[],[],"['https://t.co/CE4SM29Esr', 'https://t.co/pWHEPlUum9']","['LibÃ©rÃ©', 'ce', 'matin', ""l'islamiste"", 'Djamel', 'Beghal', 'a', 'quittÃ©', 'le', 'territoire', 'franÃ§ais']",2018-07-16 18:18:00,"['libÃ©rÃ©', 'matin', 'islamiste', 'djamel', 'beghal', 'quittÃ©', 'territoire', 'franÃ§ais']",['Djamel Beghal'],[]
1018802174833414145,@RTBFinfo,La France expulse vers l'AlgÃ©rie l'islamiste Djamel Beghal https://t.co/1cYqmydvcJ,ä¸‹åˆ6:19 Â· 2018å¹´7æœˆ16æ—¥,0,[],[],['https://t.co/1cYqmydvcJ'],"['La', 'France', 'expulse', 'vers', ""l'AlgÃ©rie"", ""l'islamiste"", 'Djamel', 'Beghal']",2018-07-16 18:19:00,"['france', 'expulse', 'algÃ©rie', 'islamiste', 'djamel', 'beghal']","['La France', 'AlgÃ©rie', 'Djamel Beghal']",[]
1018802455050502146,@paris_2015,L'islamiste Djamel Beghal expulsÃ© vers l'AlgÃ©rie Ã  sa sortie de prison https://t.co/Yl4vHACEWn https://t.co/Cuy6r88iZd,ä¸‹åˆ6:20 Â· 2018å¹´7æœˆ16æ—¥,0,[],[],"['https://t.co/Yl4vHACEWn', 'https://t.co/Cuy6r88iZd']","[""L'islamiste"", 'Djamel', 'Beghal', 'expulsÃ©', 'vers', ""l'AlgÃ©rie"", 'Ã ', 'sa', 'sortie', 'de', 'prison']",2018-07-16 18:20:00,"['islamiste', 'djamel', 'beghal', 'expulsÃ©', 'algÃ©rie', 'sortie', 'prison']","['Djamel Beghal', 'AlgÃ©rie']",[]
1018802469705519104,@prisonFR,L'islamiste Djamel Beghal expulsÃ© vers l'AlgÃ©rie aprÃ¨s sa sortie de ... - Franceinfo https://t.co/9WIrWKxh9F,ä¸‹åˆ6:20 Â· 2018å¹´7æœˆ16æ—¥,0,[],[],['https://t.co/9WIrWKxh9F'],"[""L'islamiste"", 'Djamel', 'Beghal', 'expulsÃ©', 'vers', ""l'AlgÃ©rie"", 'aprÃ¨s', 'sa', 'sortie', 'de', '-', 'Franceinfo']",2018-07-16 18:20:00,"['islamiste', 'djamel', 'beghal', 'expulsÃ©', 'algÃ©rie', 'sortie', 'franceinfo']","['Djamel Beghal', 'AlgÃ©rie', 'Franceinfo']",[]
1018802728661856257,@ananashalabi,#Attentats de janvier 2015 Ã  #Paris: le mentor #algerien des auteurs #expulse https://t.co/CmL5AqekWh https://t.co/DXw9OhcG6t,ä¸‹åˆ6:21 Â· 2018å¹´7æœˆ16æ—¥,0,[],"['#Attentats', '#Paris:', '#algerien', '#expulse']","['https://t.co/CmL5AqekWh', 'https://t.co/DXw9OhcG6t']","['de', 'janvier', '2015', 'Ã ', 'le', 'mentor', 'des', 'auteurs']",2018-07-16 18:21:00,"['janvier', '2015', 'mentor', 'auteurs']",[],[]
1018803957651533824,@RFI,France: l'islamiste Djamel Beghal a Ã©tÃ© expulsÃ© vers l'AlgÃ©rie (AFP) https://t.co/6wDHCzjqLe https://t.co/J4v5L7430A,ä¸‹åˆ6:26 Â· 2018å¹´7æœˆ16æ—¥,0,[],[],"['https://t.co/6wDHCzjqLe', 'https://t.co/J4v5L7430A']","['France:', ""l'islamiste"", 'Djamel', 'Beghal', 'a', 'Ã©tÃ©', 'expulsÃ©', 'vers', ""l'AlgÃ©rie"", 'AFP']",2018-07-16 18:26:00,"['france', 'islamiste', 'djamel', 'beghal', 'expulsÃ©', 'algÃ©rie', 'afp']","['France', 'Djamel Beghal', 'AlgÃ©rie AFP']",[]
1018804962271248384,@OuestFrance,Lâ€™islamiste Djamel Beghal expulsÃ© vers lâ€™AlgÃ©rie Ã  sa sortie de prison ce matin https://t.co/NCXeuaSEHr https://t.co/5o8XjKGeox,ä¸‹åˆ6:30 Â· 2018å¹´7æœˆ16æ—¥,0,[],[],"['https://t.co/NCXeuaSEHr', 'https://t.co/5o8XjKGeox']","['Lâ€™islamiste', 'Djamel', 'Beghal', 'expulsÃ©', 'vers', 'lâ€™AlgÃ©rie', 'Ã ', 'sa', 'sortie', 'de', 'prison', 'ce', 'matin']",2018-07-16 18:30:00,"['islamiste', 'djamel', 'beghal', 'expulsÃ©', 'algÃ©rie', 'sortie', 'prison', 'matin']","['Djamel Beghal', 'AlgÃ©rie']",[]
1018806525413003264,@BFMTV,L'islamiste Djamel Beghal expulsÃ© vers l'AlgÃ©rie https://t.co/FkEBDTf03A https://t.co/FNr3sP8fLl,ä¸‹åˆ6:36 Â· 2018å¹´7æœˆ16æ—¥,0,[],[],"['https://t.co/FkEBDTf03A', 'https://t.co/FNr3sP8fLl']","[""L'islamiste"", 'Djamel', 'Beghal', 'expulsÃ©', 'vers', ""l'AlgÃ©rie""]",2018-07-16 18:36:00,"['islamiste', 'djamel', 'beghal', 'expulsÃ©', 'algÃ©rie']","['Djamel Beghal', 'AlgÃ©rie']",[]
